{
  "targetType": "case/eventsource",
  "match": {
    "type": "awssam/s3/bucket"
  },
  "targetProperties": [
    {
      "name": "name",
      "value": {
        "type": "jsonPath",
        "jsonPath": "$.originArtifact.resource"
      }
    },
    {
      "name": "provider",
      "value": {
        "type": "jsonPath",
        "jsonPath": "$.originArtifact.provider"
      }
    },
    {
      "name": "eventSourceCategory",
      "value": {
        "type": "constant",
        "value": "ObjectStore"
      }
    },
    {
      "name": "_yamlrefkey",
      "value": {
        "type": "jsonPath",
        "jsonPath": "$.originArtifact.resource"
      }
    }
  ]
}
